id,label
lawren-harris-ice-house-coldwell-lake-superior-1923.jpg,0
erte-swept-away.jpg,0
erte-splendeur.jpg,0
erte-number-0.jpg,0
tamara-de-lempicka-wide-brimmed-hat-1933.jpg,0
zinaida-serebriakova-portrait-of-e-i-zolotarevskii-in-childhood-1922.jpg,0
erte-ceres-the-planets.jpg,0
erte-costume-design-2.jpg,0
carlos-saenz-de-tejada-sketch-for-decoration-of-carmen-antonia-merce-la-argentina-1927.jpg,0
erte-costume-for-casanova.jpg,0
tamara-de-lempicka-portrait-of-the-duchess-of-la-salle-1925.jpg,0
erte-winter-s-arrival.jpg,0
erte-bon-soir.jpg,0
erte-winter-resort-nice.jpg,0
erte-ebony-1.jpg,0
erte-brown-boot.jpg,0
raphael-delorme-vitalit.jpg,0
erte-the-seasons-spring-1.jpg,0
zinaida-serebriakova-still-life-with-a-basket-of-pears-1932.jpg,0
erte-evening-creation.jpg,0
john-vassos-modern-abstract-1.jpg,0
erte-opium-mah-jongg.jpg,0
erte-stolen-kisses.jpg,0
erte-blossom-umbrella.jpg,0
erte-costume-design-9.jpg,0
bernardo-marques-sem-t-tulo-paisagem-do-mar-o.jpg,0
zinaida-serebriakova-basket-with-grapes-and-peaches-1931.jpg,0
tamara-de-lempicka-calla-lillies-1941.jpg,0
erte-the-aces-hearts.jpg,0
erte-the-seven-deadly-sins-pride.jpg,0
erte-the-seasons-summer-1.jpg,0
erte-the-seven-deadly-sins-avarice.jpg,0
erte-the-zodiac-leo.jpg,0
zinaida-serebriakova-still-life-with-asparagus-and-strawberries-1932.jpg,0
john-vassos-illustration-for-oscar-wilde-s-salome-1927-7.jpg,0
john-vassos-modern-abstract.jpg,0
john-vassos-illustration-for-oscar-wilde-s-salome-1927-2.jpg,0
tamara-de-lempicka-the-communicant-1928.jpg,0
rene-magritte-advertisment-for-norine-2.jpg,0
jean-dupas-where-is-this-bower-beside-the-silver-thames-1930.jpg,0
erte-alphabet-b.jpg,0
john-vassos-abstract-design-1972.jpg,0
bernardo-marques-fernanda-de-castro-cidade-em-flor-capa-1924.jpg,0
zinaida-serebriakova-basket-of-apples-1934.jpg,0
erte-the-mirror-1.jpg,0
erte-gluttony.jpg,0
aleksandra-ekster-woman-with-fish-1934.jpg,0
john-vassos-illustration-for-oscar-wilde-s-salome-1927-3.jpg,0
bernardo-marques-civiliza-o.jpg,0
N64-NA-SouthPark.jpg,1
Autumn-Saver-6371.jpg,1
493002902911.jpg,1
Kids-1.jpg,1
Bart-Simpson-Animation-Cartoon-Movie.jpg,1
depositphotos-29165579-Cartoon-street-map-seamless-pattern.jpg,1
20101129204145-452523713.jpg,1
Kids-2.jpg,1
FreeGreatPicture.com-21660-cartoon-childhood-dream.jpg,1
scene-.jpg,1
beautyful.jpg,1
1322826305856-6qmwy5.jpg,1
southparkboys-medium.jpg,1
free-islamic-cartoon-screensaver-567782.jpg,1
forest02.jpg,1
inside.jpg,1
we-without-wings-under-the-innocent-sky.jpg,1
astro-boy-cartoon-10-2-s-307x512.jpg,1
Wonder-Woman-Animated-Movie-Screenshot.jpg,1
Japanese-cartoon-3f-07.jpg,1
stock-vector-cartoon-street-in-winter-40035562.jpg,1
5wif4oaex4j7.jpg,1
m-1274932356416.jpg,1
manhua2.jpg,1
stag-night-cartoon.jpg,1
13728611833234598506.jpg,1
chibi-maruko-screenshot-03-serie-dibujos-anime-japanese-cartoon-show.jpg,1
Cartoon-Kal-full.jpg,1
trees.jpg,1
stock-vector-farm-illustration-funny-cartoon-and-vector-scene-43613791.jpg,1
952441-133603958666YQ.jpg,1
011.jpg,1
kids0.jpg,1
manhua3.jpg,1
Vector-illustration-of-Happy-family-Fapp-04.jpg,1
scene-cartoon-by-eydam.jpg,1
street-57895.jpg,1
608-01089397w.jpg,1
night.jpg,1
m-1283860568766.jpg,1
1314924322-20.jpg,1
51b81f56ee15283311.jpg,1
download.jpg,1
Fondo-de-pantalla-Manga-2.jpg,1
rapunzel-tower-23516250.jpg,1
F5S001.jpg,1
2010062416162654.jpg,1
1222402287-ddvip-9112.jpg,1
9MDDBKQ349GA0031.550x.0.jpg,1
daily-cartoon-131119-465.jpg,1
KaiEezi-ZamJam-market-03015-left.0139.jpg,1
rainbow.jpg,1
20120530110557-KefTG.thumb.600-0.jpg,1
24331e5f-d78b-49e0-8d33-7c2b8fa5086f.jpg,1
stock-vector-summer-fairytale-town-street-cartoon-85532080.jpg,1
sfondocolombacartoonsandmovies.jpg,1
pablo-picasso-violin-1913.jpg,2
pyotr-konchalovsky-portrait-of-a-violinist-grigory-fedorovich-romashkov-1918-1.jpg,2
juan-gris-a-pot-of-geraniums-1915.jpg,2
louis-marcoussis-viareggio-la-depeche-de-toulouse.jpg,2
pyotr-konchalovsky-still-life-the-stove-1912.jpg,2
aristarkh-lentulov-churches-1916.jpg,2
aleksandra-ekster-costume-design-for-salome-1917.jpg,2
paul-cezanne-bibemus-quarry-1.jpg,2
aleksandra-ekster-view-of-the-bridge-1938-1.jpg,2
juan-gris-pears-and-grapes-on-a-table-1913.jpg,2
yiannis-tsaroychis-still-life-on-yellowish-background-1935.jpg,2
georges-braque-plate-and-fruit-dish-1908.jpg,2
kazimir-malevich-the-crew-on-the-move-1914.jpg,2
david-burliuk-horses-1910.jpg,2
juan-gris-tea-cups-1914.jpg,2
auguste-herbin-villaggio-di-collina.jpg,2
fernand-leger-a-b-c-1927.jpg,2
richard-lindner-i-ii.jpg,2
jean-metzinger-still-life-playing-cards-coffee-cup-and-apples-1917-1.jpg,2
paul-cezanne-riverbanks-1905.jpg,2
kazimir-malevich-lady-at-the-poster-column-1914.jpg,2
m-h-maxy-still-life.jpg,2
aristarkh-lentulov-tverskoi-boulevard-1917.jpg,2
saul-steinberg-head-1929.jpg,2
pablo-picasso-punchinello-with-guitar-1920.jpg,2
david-burliuk-japan-and-america-1921.jpg,2
kazimir-malevich-death-of-the-mounted-general-1914.jpg,2
albert-gleizes-on-a-sailboat.jpg,2
kazimir-malevich-bureau-and-room-1913.jpg,2
vicente-manansala-birds-of-paradise.jpg,2
david-burliuk-woman-with-four-eyes-and-hen-1912.jpg,2
oleksandr-bogomazov-electrician-1915.jpg,2
kazimir-malevich-peasant-woman-carrying-buckets-with-water-1913.jpg,2
jacques-villon-abstract-figure-in-a-landscape.jpg,2
louis-marcoussis-still-life-with-envelope.jpg,2
jury-annenkov-portrait-of-vsevolod-meyerhold-1.jpg,2
louis-marcoussis-poire-verte-et-couteau-1941.jpg,2
natalia-goncharova-dynamo-machine.jpg,2
juan-gris-the-open-book-1925-1.jpg,2
fernand-leger-three-characters-1924.jpg,2
olga-rozanova-city.jpg,2
david-burliuk-horses-1908-1.jpg,2
olga-rozanova-city-on-fire.jpg,2
kazimir-malevich-samovar-1913-1.jpg,2
carlos-merida-the-prodigal-son-1973.jpg,2
pablo-picasso-guitar-bottle-fruit-dish-and-glass-on-the-table-1919.jpg,2
juan-gris-the-violin-1914.jpg,2
natalia-goncharova-cyclist.jpg,2
juan-gris-the-mountain-le-canigou-1921.jpg,2
kazimir-malevich-lady-on-a-tram-station-1913.jpg,2
juan-gris-the-bottle-of-anis-del-mono-1914.jpg,2
salvador-dali-self-portrait-being-duplicated-into-three-1927.jpg,2
nikos-hadjikyriakos-ghikas-paris-roofs-ii-1952.jpg,2
jean-metzinger-the-village-1918.jpg,2
kazimir-malevich-guard-1914.jpg,2
david-burliuk-wind.jpg,2
kazimir-malevich-the-reaper-on-red-1913.jpg,2
marc-chagall-the-soldier-drinks-1912.jpg,2
andr-lhote-l-atelier-sur-la-terrasse-de-mirmande-1957.jpg,2
kazimir-malevich-portrait-of-m-v-matyushin-1913.jpg,2
aristarkh-lentulov-landscape-with-a-red-house-1917.jpg,2
pyotr-konchalovsky-violinist-1918.jpg,2
aleksandra-ekster-interno-cubista-1912.jpg,2
pyotr-konchalovsky-city-1912.jpg,2
aleksandra-ekster-still-life-1913.jpg,2
aristarkh-lentulov-portrait-of-artist-s-wife-and-daughter-1915.jpg,2
aleksandra-ekster-still-life-with-egg-1915.jpg,2
oleksandr-bogomazov-cityscape-kiev.jpg,2
el-lissitzky-reminiscence-of-ravenna-1914.jpg,2
aristarkh-lentulov-landscape-with-dry-trees-and-tall-buildings-1920.jpg,2
oleksandr-bogomazov-abstract-landscape-1915.jpg,2
roger-de-la-fresnaye-landscape-at-ferte-soud-jouarre-1911.jpg,2
max-weber-russian-ballet.jpg,2
kazimir-malevich-portrait-of-ivan-kliun-1913.jpg,2
lyonel-feininger-the-cathedral-1920.jpg,2
aleksandra-ekster-cityscape-composition-1916.jpg,2
aleksandra-ekster-city-at-night-1919.jpg,2
louis-schanker-forms-in-action-1941.jpg,2
oleksandr-bogomazov-fire-in-kiev-1916.jpg,2
andr-lhote-sur-la-terrasse-1945.jpg,2
aristarkh-lentulov-bells-ivan-the-great-bell-1915.jpg,2
aristarkh-lentulov-saint-basil-s-cathedral-1913.jpg,2
julio-gonzalez-femme-au-miroir-1937.jpg,2
jacques-villon-les-peupliers.jpg,2
theo-van-doesburg-composition-the-cow-6.jpg,2
fernand-leger-the-great-tug-1923.jpg,2
paul-klee-swamp-legend-1919.jpg,2
franz-marc-in-the-rain-1912.jpg,2
oscar-dominguez-femme-l-ecritoire-1943.jpg,2
konstantin-vasilyev-not-detected-272792.jpg,2
fernand-leger-composition-1920.jpg,2
karl-knaths-cylinders-1944.jpg,2
natalia-goncharova-still-life-with-ham.jpg,2
amadeo-de-souza-cardoso-basque-landscape-1914.jpg,2
andr-lhote-le-port-de-bordeaux-1915.jpg,2
giuseppe-santomaso-la-graticola-1948.jpg,2
oleksandr-bogomazov-tram-1914.jpg,2
richard-lindner-couple-2.jpg,2
david-burliuk-three-woman-1930.jpg,2
olexandr-archipenko-woman-with-a-fan.jpg,2
oleksandr-bogomazov-forest-boyarka-1915.jpg,2
olga-rozanova-disjunction-of-forms.jpg,2
marc-chagall-the-blue-house-1917.jpg,2
aleksandra-ekster-costume-design-for-modern-khlestakov-1921.jpg,2
pierre-tal-coat-untitled-1.jpg,2
aristarkh-lentulov-churches-new-jerusalem-1917.jpg,2
kazimir-malevich-carpenter-1929.jpg,2
albert-gleizes-untitled-2.jpg,2
natalia-goncharova-airplane-over-train.jpg,2
david-burliuk-at-the-siberian-village-1931.jpg,2
aristarkh-lentulov-nebozvon-skybell-1919.jpg,2
jury-annenkov-storming-the-winter-palace-1920.jpg,2
richard-lindner-the-ace-of-clubs-1973.jpg,2
karl-knaths-shacks-1964.jpg,2
pablo-picasso-figure-with-fruit-dish.jpg,2
olexandr-archipenko-the-gondolier.jpg,2
andre-masson-no-name-7.jpg,2
louis-marcoussis-the-large-fly-1937.jpg,2
paul-cezanne-house-and-trees-1894.jpg,2
kazimir-malevich-floor-polishers-1912.jpg,2
aristarkh-lentulov-moscow-1913.jpg,2
paul-cezanne-chateau-noir-1.jpg,2
juan-gris-the-three-masks-1923.jpg,2
juan-gris-the-sunblind-1914.jpg,2
juan-gris-the-goblet-1927.jpg,2
olga-rozanova-the-factory-and-the-bridge.jpg,2
olga-rozanova-lady-in-pink-artist-s-sister-anna-rozanova.jpg,2
alfred-manessier-david-1948.jpg,2
david-burliuk-farmer-and-his-wife-out-for-a-stroll.jpg,2
juan-gris-bottle-and-glass-on-a-table-1914.jpg,2
louis-marcoussis-guitar-and-pomegranates-by-a-window-1921.jpg,2
kazimir-malevich-the-knifegrinder-1912.jpg,2
ben-nicholson-aegean-1967.jpg,2
fernand-leger-composition-1919.jpg,2
oleksandr-bogomazov-abstract-composition-2.jpg,2
louis-marcoussis-composition-cubiste-au-portrait-poisson-et-clair-de-lune-1926.jpg,2
marcel-janco-still-life.jpg,2
aleksandra-ekster-bridge-sevres-1912.jpg,2
pablo-picasso-algerian-women-delacroix-1955.jpg,2
louis-marcoussis-figures-and-marine-anchor-1930.jpg,2
juan-gris-the-reader-1926.jpg,2
david-bomberg-racehorses-1913.jpg,2
olga-rozanova-pub-auction.jpg,2
albert-gleizes-femme-cubiste-1921.jpg,2
max-ernst-33-little-girls-chasing-butterflies-1958.jpg,2
el-lissitzky-flying-sun-1916.jpg,2
david-burliuk-advent-of-spring-and-summer-1914.jpg,2
oleksandr-bogomazov-girl-with-a-hoop-1913.jpg,2
aleksandra-ekster-women-s-costume-for-the-spanish-dance-1920-2.jpg,2
david-burliuk-cubo-futurist-composition.jpg,2
georges-braque-the-musician-s-table-1913.jpg,2
fernand-leger-contrast-of-forms-1913.jpg,2
fernand-leger-contrasts-of-forms-1913.jpg,2
marc-chagall-cubist-landscape-1918.jpg,2
franz-marc-stables-1913.jpg,2
gosta-adrian-nilsson-still-life-1923.jpg,2
pyotr-konchalovsky-crimea-alupka-1916-1.jpg,2
andre-derain-a-village.jpg,2
corneliu-michailescu-harlequins.jpg,2
salvador-dali-crystalline-still-life.jpg,2
aleksandra-ekster-genoa-1914.jpg,2
pablo-picasso-bull-plate-iv-1945.jpg,2
ernst-ludwig-kirchner-traber-team.jpg,2
georges-braque-the-green-jug.jpg,2
olga-rozanova-the-composition-with-the-train-1910.jpg,2
mario-sironi-the-plane.jpg,2
david-burliuk-broadway-new-york.jpg,2
juan-gris-guitar-and-pipe-1913.jpg,2
pablo-picasso-still-life-1914.jpg,2
m-c-escher-not-detected-204650.jpg,2
oleksandr-bogomazov-bouquet-of-flowers.jpg,2
albert-gleizes-landscape-with-bridge-and-viaduct-1910.jpg,2
paul-cezanne-bibemus-quarry.jpg,2
jean-hugo-table-de-jeu-1919.jpg,2
aleksandra-ekster-city-1913.jpg,2
willi-baumeister-the-painter-1929.jpg,2
pablo-picasso-pedestal-1914.jpg,2
andre-masson-reclining-nude-1956.jpg,2
paul-cezanne-mont-sainte-victoire-7.jpg,2
olexandr-archipenko-in-the-cafe-woman-with-cup.jpg,2
pablo-picasso-flowers-on-the-table-1907.jpg,2
vicente-manansala-still-life-1957.jpg,2
henri-laurens-la-grande-musicienne-1937.jpg,2
kazimir-malevich-peasant-woman-1912.jpg,2
kazimir-malevich-the-lady-at-the-piano-1913.jpg,2
louis-marcoussis-still-life-with-ephemeris-1914.jpg,2
le-corbusier-taureau-i-1961.jpg,2
wifredo-lam-le-repos-du-mod-le-1938.jpg,2
willi-baumeister-swimmers-on-the-ladder-1929.jpg,2
aleksandra-ekster-still-life-bowl-of-cherries-1914.jpg,2
pablo-picasso-guitar-bottle-and-fruit-bowl-1921.jpg,2
johannes-itten-der-bachs-nger-helge-lindberg-1916.jpg,2
jean-metzinger-pitcher-hen-house-1923.jpg,2
charles-sheeler-still-life-1925.jpg,2
david-burliuk-ukrainians-1912.jpg,2
conrad-marca-relli-la-citt-1951.jpg,2
jose-de-almada-negreiros-the-fisherman-tapestry.jpg,2
aristarkh-lentulov-the-gate-with-a-tower-new-jerusalem.jpg,2
marc-chagall-composition-with-goat-1917.jpg,2
otto-gustav-carlsund-composition-g-om-trique-1925.jpg,2
julio-gonzalez-fantastic-figure-1937.jpg,2
fernand-leger-the-rider-acrobat-juggler-1921.jpg,2
oleksandr-bogomazov-sennoy-market-kiev-1914.jpg,2
juan-gris-glass-and-bottle.jpg,2
louis-marcoussis-la-table-1930.jpg,2
david-burliuk-workers-1922.jpg,2
louis-schanker-football-1941.jpg,2
kazimir-malevich-carpenter-1911.jpg,2
pablo-picasso-square-du-vert-galant-1943.jpg,2
paul-cezanne-bathers-2.jpg,2
albert-gleizes-new-york-1915.jpg,2
fernand-leger-the-mask-negro.jpg,2
david-burliuk-vase-with-flowers.jpg,2
konstantinos-parthenis-the-night-responds-to-my-complaints-1933.jpg,2
aristarkh-lentulov-landscape-with-the-monastery-walls-1920.jpg,2
aleksandra-ekster-view-of-the-bridge-1938.jpg,2
juan-gris-bottle-glass-and-newspaper.jpg,2
david-burliuk-bridge-repetition-of-composition-of-1911.jpg,2
diego-rivera-view-of-toledo-1912.jpg,2
corneliu-michailescu-still-life-with-grapes-and-carafe.jpg,2
juan-gris-fruit-bowl-with-bottle.jpg,2
marsden-hartley-e-1915.jpg,2
andre-derain-vista-de-saint-paul-de-vence-1910.jpg,2
aristarkh-lentulov-landscape-with-white-house-and-the-yellow-gate-1922.jpg,2
m-h-maxy-st-george-place-in-crotches-1935.jpg,2
lyonel-feininger-gelmeroda-iii-1913.jpg,2
andr-lhote-nature-morte-au-chinois-1930.jpg,2
aleksandra-ekster-view-of-paris-1912.jpg,2
aristarkh-lentulov-victory-battle-1914.jpg,2
kazimir-malevich-cubo-futurist-composition-1912.jpg,2
oleksandr-bogomazov-memories-of-the-caucasus-1916.jpg,2
olexandr-archipenko-mask-1911.jpg,2
pablo-picasso-violin.jpg,2
auguste-herbin-landscape-in-ceret-1913.jpg,2
juan-gris-fruit-bowl-and-fruit.jpg,2
kazimir-malevich-death-of-the-man-on-the-airplane-and-on-the-train-at-the-same-time-illustration-for-1913.jpg,2
kazimir-malevich-pilot-1913-1.jpg,2
david-burliuk-untitled-view-of-village-from-all-sides.jpg,2
olga-rozanova-smythy.jpg,2
gino-severini-flowers-and-masks-1930.jpg,2
kazimir-malevich-prayer-1913-1.jpg,2
natalia-goncharova-flowers.jpg,2
pablo-picasso-pot-glass-and-book-1908.jpg,2
jean-metzinger-woman-with-a-fan-1913.jpg,2
aleksandra-ekster-costume-design-1.jpg,2
jacques-villon-composition-1947.jpg,2
juan-gris-still-life-with-newspaper-1918.jpg,2
nikos-hadjikyriakos-ghikas-the-open-door-1927.jpg,2
kazimir-malevich-station-without-a-stop-kunzevo-1913.jpg,2
aleksandra-ekster-wine-1914.jpg,2
pablo-picasso-spring-1956.jpg,2
andre-masson-card-trick.jpg,2
roy-lichtenstein-preparedness-1968.jpg,2
oleksandr-bogomazov-tea-kettle.jpg,2
juan-gris-tobacco-newspaper-and-bottle-of-wine-1914.jpg,2
kazimir-malevich-home-1913.jpg,2
jean-metzinger-at-the-cycle-race-track-1912.jpg,2
juan-gris-the-open-book-1925.jpg,2
man-ray-hills.jpg,2
ben-nicholson-ronco-1967.jpg,2
jury-annenkov-portrait-of-photographer-m-a-sherling-1918.jpg,2
olga-rozanova-blue-on-tin.jpg,2
lyonel-feininger-gelmeroda-ix-1926.jpg,2
paul-cezanne-in-the-park-of-the-chateau-noir.jpg,2
gosta-adrian-nilsson-stockholm-fr-n-atelj-n-1919.jpg,2
jacques-villon-rider-in-the-ring-1952.jpg,2
pyotr-konchalovsky-vessels-on-the-red-tablecloth-1916.jpg,2
olga-rozanova-directional-lines.jpg,2
olexandr-archipenko-madonna-of-the-rocks-1912.jpg,2
karl-knaths-rye-bread.jpg,2
oleksandr-bogomazov-objectless-composistion.jpg,2
gosta-adrian-nilsson-house-in-n-den-lund-1915.jpg,2
louis-marcoussis-still-life-with-fish-1928.jpg,2
marc-chagall-the-smolensk-newspaper-1914.jpg,2
claude-monet-grainstack-2.jpg,3
konstantin-korovin-the-bridge-at-the-mill-1908.jpg,3
lajos-tihanyi-forest-landscape-1911.jpg,3
vincent-van-gogh-view-of-saintes-maries-with-church-and-ramparts-1888.jpg,3
pierre-auguste-renoir-landscape.jpg,3
panayiotis-tetsis-landscape-2.jpg,3
paul-gauguin-tree-linen-road-rouen-1885.jpg,3
robert-julian-onderdonk-road-to-the-hills-1918.jpg,3
theodor-pallady-narcissus-and-lilies-1920.jpg,3
carlos-botelho-lisbon-1962.jpg,3
maurice-utrillo-st-germain-church.jpg,3
thomas-eakins-boy-reclining.jpg,3
eugene-boudin-the-port-of-trouville-low-tide-1897.jpg,3
egon-schiele-sailing-boat-with-reflection-in-the-water-1908.jpg,3
childe-hassam-the-island-garden.jpg,3
pierre-auguste-renoir-sailboats-1885.jpg,3
claude-monet-garden-at-sainte-adresse.jpg,3
arkhip-kuindzhi-forest.jpg,3
claude-monet-irises-3-1917.jpg,3
john-singer-sargent-roman-architecture.jpg,3
claude-monet-winter-on-the-seine-lavacourt-1880.jpg,3
vincent-van-gogh-view-of-saintes-maries-1888.jpg,3
vincent-van-gogh-the-iris-1889.jpg,3
claude-monet-the-coastguard-cabin-at-varengeville.jpg,3
maxime-maufra-belle-ile-en-mer.jpg,3
paul-cezanne-large-bathers-1900.jpg,3
alfred-sisley-banks-of-the-seine-1879.jpg,3
willard-metcalf-ebbing-tide-version-two.jpg,3
pierre-auguste-renoir-medlar-trees-cagnes-1908.jpg,3
claude-monet-flowers-in-a-pot.jpg,3
constantine-maleas-wheel-well.jpg,3
gustave-caillebotte-the-yerres-effect-of-ligh.jpg,3
guy-rose-the-valley-of-the-seine-1910.jpg,3
david-burliuk-japanese-forest-landscape.jpg,3
kazuo-nakamura-blue-reflections-1963.jpg,3
joaqu-n-sorolla-after-bathing-valencia-1908.jpg,3
claude-monet-water-lilies-2.jpg,3
viorel-marginean-unknown-title-2007.jpg,3
camille-pissarro-boulevard-montmartre-afternoon-sunlight-1897.jpg,3
paul-gauguin-landscape-at-pont-aven-1886.jpg,3
pyotr-konchalovsky-tulips-1908.jpg,3
joaqu-n-sorolla-herding-geese-in-the-asturias-1903.jpg,3
vincent-van-gogh-the-rocks-with-oak-tree-1888.jpg,3
raoul-dufy-treading-the-blue-sky-1949.jpg,3
claude-monet-waterloo-bridge-sunlight-effect-5.jpg,3
raoul-dufy-the-port-of-martigues.jpg,3
pyotr-konchalovsky-france-nemours-1908.jpg,3
claude-monet-houses-in-the-snow-norway.jpg,3
frits-thaulow-old-factory-on-the-somme-evening.jpg,3
paul-cezanne-the-trees-of-jas-de-bouffan-1876.jpg,3
gustave-loiseau-port-of-dieppe.jpg,3
julian-alden-weir-still-life-with-flowers.jpg,3
vincent-van-gogh-park-with-figures.jpg,3
ivan-albright-view-from-room-603-watergate-washington-d-c-1974.jpg,3
claude-monet-water-lilies-35.jpg,3
theo-van-rysselberghe-rain-jersey-1907.jpg,3
nikola-tanev-winter-in-innsbruck.jpg,3
childe-hassam-moonrise-at-sunset-harney-desert.jpg,3
pyotr-konchalovsky-bakhchisarai-khan-s-palace-1930-1.jpg,3
henri-le-fauconnier-flower-still-life.jpg,3
claude-monet-the-needle-of-etretat-low-tide.jpg,3
berthe-morisot-the-piano.jpg,3
john-singer-sargent-fishing-for-oysters-at-cancale-1878.jpg,3
konstantin-korovin-crimea-gursuf-1917.jpg,3
walter-sickert-the-american-1908.jpg,3
nassos-daphnis-tree-peony-1941.jpg,3
maurice-de-vlaminck-landscape-with-three-cypresses.jpg,3
vincent-van-gogh-self-portrait-with-straw-hat-1887-2.jpg,3
thalia-flora-karavia-path-in-the-forest.jpg,3
emily-carr-forest-british-columbia-1932.jpg,3
adam-baltatu-houses-in-bretania-1.jpg,3
mikhail-nesterov-small-house-in-ufa-1884.jpg,3
claude-monet-ice-on-the-siene-at-bennecourt.jpg,3
alfred-sisley-ferry-to-the-ile-de-la-loge-flood-1872.jpg,3
paul-gauguin-red-roof-by-the-water-1885.jpg,3
paul-gauguin-woman-holding-a-fruit-1893.jpg,3
pierre-bonnard-red-roofs-in-cannet-1942.jpg,3
octav-bancila-r-ncu-ntre-vii.jpg,3
auguste-rodin-torso.jpg,3
vincent-van-gogh-a-meadow-in-the-mountains-1889.jpg,3
pyotr-konchalovsky-belkino-birch-1907.jpg,3
vincent-van-gogh-peasant-woman-with-a-rake-after-millet-1889.jpg,3
robert-julian-onderdonk-snow-near-the-cave-central-park-new-york-1902.jpg,3
maurice-denis-bathsheeba-blue-background.jpg,3
karl-edvard-diriks-piperviksbakken.jpg,3
henri-matisse-view-of-collioure.jpg,3
adam-baltatu-village-boundary.jpg,3
pierre-auguste-renoir-roses-in-a-vase-1876.jpg,3
paul-gauguin-cattle-drinking-1885.jpg,3
konstantinos-volanakis-1876.jpg,3
mary-cassatt-contemplation-1891.jpg,3
eva-gonzales-portrait-of-a-young-woman.jpg,3
menez-sem-t-tulo-1987.jpg,3
claude-monet-the-japanese-bridge.jpg,3
henri-de-toulouse-lautrec-bouquet-of-violets-in-a-vase-1882.jpg,3
paul-gauguin-still-life-with-cherries-1886.jpg,3
pyotr-konchalovsky-bridge-in-abramtsevo-1911.jpg,3
maurice-utrillo-place-pigalle.jpg,3
abdullah-suriosubroto-indonesian-landscape-3.jpg,3
moise-kisling-flowers-1919.jpg,3
nikolay-bogdanov-belsky-reading-a-book.jpg,3
paul-gauguin-fruit-1886.jpg,3
maurice-utrillo-church-at-villiers-le-bel.jpg,3
william-merritt-chase-shinnecock-landscape.jpg,3
claude-monet-misty-morning-on-the-seine-in-bue.jpg,3
paul-gauguin-fisherman-and-bathers-on-the-aven-1888.jpg,3
giovanni-boldini-nude-of-young-lady-on-couch.jpg,3
gustave-caillebotte-garden-at-yerres.jpg,3
grace-cossington-smith-the-gully-1928.jpg,3
claude-monet-the-church-at-varengeville-1882.jpg,3
pierre-auguste-renoir-flowers-in-a-green-vase-dahlilas-and-asters.jpg,3
paul-cezanne-still-life-with-bottle-and-apple-basket-1894.jpg,3
george-pemba-lesotho-landscape-1944.jpg,3
paul-gauguin-still-life-with-peaches-1889.jpg,3
henri-edmond-cross-landscape-with-stars-1908.jpg,3
spyros-papaloukas-arsenal-mount-athos-1935.jpg,3
irma-stern-still-life-with-antirrhinums-1963.jpg,3
childe-hassam-view-of-broadway-and-fifth-avenue.jpg,3
pierre-auguste-renoir-gabrielle-in-a-chemise-1905.jpg,3
bela-czobel-venus-of-szentendre-1968.jpg,3
paul-cezanne-bathers.jpg,3
william-merritt-chase-in-washington-park-brooklyn-n-y.jpg,3
julian-alden-weir-the-birches-1903.jpg,3
georges-seurat-three-men-seated-1884.jpg,3
maurice-prendergast-crescent-beach-also-known-as-crescent-beach-st-malo.jpg,3
john-henry-twachtman-french-river-scene.jpg,3
vincent-van-gogh-the-tarascon-diligence-1888.jpg,3
vincent-van-gogh-rocky-ground-at-montmajour.jpg,3
laszlo-mednyanszky-burring-brook.jpg,3
vincent-van-gogh-the-olive-trees-1888.jpg,3
gustave-loiseau-saint-cyr-du-vaudreuil.jpg,3
eugene-boudin-the-beach-berck-1882.jpg,3
amrita-sher-gil-two-elephants-1940.jpg,3
paul-cezanne-still-life-with-carafe-sugar-bowl-bottle-pommegranates-and-watermelon.jpg,3
samuel-mutzner-prim-var-1930.jpg,3
samuel-mutzner-efect-de-nserare-pe-lac.jpg,3
camille-pissarro-peasant-women-planting-stakes-1891.jpg,3
camille-pissarro-the-climbing-path-l-hermitage-1877.jpg,3
julian-alden-weir-mother-and-child.jpg,3
konstantin-korovin-russia-festival.jpg,3
constantin-artachino-yellow-roses.jpg,3
vladimir-dimitrov-unknown-title-28.jpg,3
joaqu-n-sorolla-the-waterwheel-javea-1900.jpg,3
claude-monet-belle-ile-rain-effect.jpg,3
gustave-caillebotte-yerres-on-the-pond-water-lilies.jpg,3
william-merritt-chase-the-common-central-park.jpg,3
hoca-ali-riza-sanat-detay.jpg,3
alfred-sisley-the-loing-flowing-under-the-moret-bridge-1892.jpg,3
david-burliuk-in-the-harbour.jpg,3
claude-monet-water-lilies-11.jpg,3
samuel-mutzner-peisaj-din-corsica-ajaccio-1929.jpg,3
henri-martin-saint-cirq-lapopie-1929.jpg,3
iosif-iser-paris-mouffetard-street.jpg,3
eugene-boudin-the-shore-at-plougastel-1872.jpg,3
gustave-loiseau-in-the-mountains.jpg,3
eugene-boudin-the-shore-at-tourgeville-1893.jpg,3
paul-cezanne-plain-by-mont-sainte-victoire.jpg,3
claude-monet-vetheuil-5.jpg,3
alfred-sisley-view-of-montmartre-from-the-cite-des-fleurs-1869.jpg,3
vincent-van-gogh-landscape-in-the-rain-1890.jpg,3
felix-vallotton-trinity-of-the-mount-1913.jpg,3
edouard-cortes-view-of-the-street-rivoli-and-notre-dame.jpg,3
vincent-van-gogh-wheat-field-with-setting-sun-1888.jpg,3
guy-rose-the-old-bridge-france-1910.jpg,3
frits-thaulow-an-orchard-on-the-banks-of-a-river.jpg,3
suzanne-valadon-study-of-a-cat-1918.jpg,3
konstantin-korovin-still-life-with-blue-vase-1922.jpg,3
antoine-blanchard-omnibus-on-the-place-de-la-madeleine.jpg,3
frank-johnston-thunderers-1920.jpg,3
vincent-van-gogh-still-life-potatoes-in-a-yellow-dish-1888.jpg,3
paul-cezanne-chestnut-trees-and-farmstead-of-jas-de-bouffin-1876.jpg,3
john-henry-twachtman-from-the-upper-terrace-1897.jpg,3
mikhail-nesterov-spring-1901.jpg,3
ferdinand-hodler-lake-geneva-from-chexbres.jpg,3
vasile-popescu-table-with-fruits-in-balchik-1938.jpg,3
konstantin-korovin-the-port-in-marseilles.jpg,3
georges-seurat-peasants-driving-stakes-1882.jpg,3
isaac-levitan-lake-evening.jpg,3
camille-pissarro-the-backwoods-of-l-hermitage-pontoise-1879.jpg,3
arkhip-kuindzhi-trunks-of-trees.jpg,3
katsushika-hokusai-canary-and-peony.jpg,4
kitagawa-utamaro-rice-locust-red-dragonfly-pinks-chinese-bell-flowers-1788.jpg,4
ito-jakuchu-roses-bara-shou-kin-zu.jpg,4
hiroshige-crane-and-wave-1830.jpg,4
kitagawa-utamaro-portrait-of-naniwaya-okita.jpg,4
paul-gauguin-still-life-with-onions-beetroot-and-japanese-print-1889.jpg,4
james-tissot-the-japanese-bath.jpg,4
utagawa-kuniyoshi-dragon.jpg,4
utagawa-kuniyoshi-dipicting-the-characters-from-the-chushingura-1.jpg,4
hiroshige-crane-in-waves-1835.jpg,4
vincent-van-gogh-branches-with-almond-blossom-1890.jpg,4
ogata-gekko-dragon-rising-to-the-heavens-1897.jpg,4
keisai-eisen-flower-arrangements.jpg,4
hiroshige-prune-orchard-sun.jpg,4
katsushika-hokusai-cranes-from-quick-lessons-in-simplified-drawing.jpg,4
keisai-eisen-shinagawa-hot-tea-1845.jpg,4
vincent-van-gogh-japonaiserie-oiran-after-kesai-eisen-1887.jpg,4
ito-jakuchu-one-hundred-dogs-1799.jpg,4
hiroshige-rabbits-under-moon.jpg,4
william-merritt-chase-study-of-a-girl-in-a-japanese-dress.jpg,4
katsushika-hokusai-flowers-and-water-lilies-in-the-mangwe-tome.jpg,4
hiroshige-moon-swallows-and-peach-blossoms.jpg,4
keisai-eisen-flower-arranging-1820.jpg,4
katsushika-hokusai-the-festival-of-lanterns-on-temma-bridge-1834.jpg,4
hiroshige-hydrangea-and-kingfisher.jpg,4
james-mcneill-whistler-milly-finch.jpg,4
ernst-ludwig-kirchner-japanese-parasol.jpg,4
katsushika-hokusai-bluebells-and-dragonflies.jpg,4
utagawa-kuniyoshi-benkei-holdin-a-halberd.jpg,4
katsushika-hokusai-wooden-horse.jpg,4
katsushika-hokusai-falcon-in-flight.jpg,4
mary-cassatt-interior-of-a-tramway-passing-a-bridge-1891.jpg,4
katsushika-hokusai-asakusa-honganji-temple-in-th-eastern-capital.jpg,4
ito-shinsui-evening-scene-at-ishiyama-temple-1917.jpg,4
james-tissot-the-japanese-vase.jpg,4
ito-shinsui-before-the-storm-1920.jpg,4
mary-cassatt-the-banjo-lesson-1893.jpg,4
utagawa-kuniyoshi-urawa.jpg,4
georges-lacombe-the-gray-sea.jpg,4
paul-gauguin-at-the-black-rocks-1889.jpg,4
paul-jacoulet-le-billet-doux-mongole-1955.jpg,4
james-mcneill-whistler-whistler-in-his-studio.jpg,4
paul-jacoulet-la-geisha-kiyoka-tokyo-1953.jpg,4
james-tissot-young-ladies-looking-at-japanese-objects-1.jpg,4
hiroshige-alighting-geese-at-massaki-1825.jpg,4
william-merritt-chase-girl-in-a-japanese-kimono.jpg,4
william-merritt-chase-the-japanese-book.jpg,4
vincent-van-gogh-a-mousme-1888.jpg,4
hiroshige-a-bridge-across-a-deep-gorge.jpg,4
kitagawa-utamaro-courtesan-karakot.jpg,4
raphael-kirchner-mikado-1900-5.jpg,4
utagawa-kuniyoshi-opening-shellfish-at-fukagawa.jpg,4
keisai-eisen-beautiful-oiran-1840.jpg,4
claude-monet-japan-s-camille-monet-in-japanese-costume-1876.jpg,4
utagawa-kuniyoshi-women-24.jpg,4
utagawa-kuniyoshi-tamomori-tied-to-a-huge-anchor-ready-to-cast-himself-into-the-sea.jpg,4
pierre-bonnard-dusk-or-a-round-of-croquet-1892.jpg,4
utagawa-toyokuni-ii-evening-snow-on-fuji-from-a-set-of-eight-famous-views-published-by-iseya-rihei.jpg,4
tsukioka-yoshitoshi-tokugawa-iemitsu-and-ii-naotaka-in-nikko.jpg,4
katsushika-hokusai-oni-pelted-by-beans.jpg,4
utagawa-kuniyoshi-hanagami-danjo-no-jo-arakage-fighting-a-giant-salamander.jpg,4
keisai-eisen-two-ducks.jpg,4
paul-jacoulet-belle-de-yap-et-orchidees-ouest-carolines-1934.jpg,4
utagawa-kuniyoshi-lacquered-boxes-against-rain.jpg,4
hiroshige-ama-no-hashidate-in-tango-province-1858.jpg,4
ito-jakuchu-octopus-and-fish-1760.jpg,4
katsushika-hokusai-hawk-on-a-ceremonial-stand.jpg,4
vincent-van-gogh-the-langlois-bridge-at-arles-with-women-washing-1888.jpg,4
raphael-kirchner-mikado-1900.jpg,4
mary-cassatt-feeding-the-ducks-1895.jpg,4
keisai-eisen-returning-sails-at-shiba-bay-1847.jpg,4
utagawa-kuniyoshi-turtle-and-crab.jpg,4
pierre-bonnard-snowballs-1891.jpg,4
pierre-bonnard-poster-advertising-france-champagne-1891.jpg,4
vincent-van-gogh-the-langlois-bridge-at-arles-with-road-alongside-the-canal-1888.jpg,4
pierre-bonnard-woman-in-a-blue-pelerine-1898.jpg,4
katsushika-hokusai-sparrow-and-magnolia.jpg,4
tsukioka-yoshitoshi-tanuki.jpg,4
katsushika-hokusai-waterfall-yoshino-in-yamato-province-where-yoshitne-washed-his-horse.jpg,4
katsushika-hokusai-title-page-is-decorated-with-a-lot-of-flowers.jpg,4
hiroshige-evening-snow-on-mount-hira.jpg,4
katsushika-hokusai-big-beak-and-mirabilis.jpg,4
katsushika-hokusai-two-mice-one-lying-on-the-ground-with-head-resting-on-forepaws.jpg,4
vincent-van-gogh-fishing-boats-on-the-beach-at-saintes-maries-de-la-mer-1888.jpg,4
hiroshige-sparrows-and-camellias-in-the-snow-1838.jpg,4
katsushika-hokusai-cuckoo-and-azaleas.jpg,4
raphael-kirchner-peace.jpg,4
ito-shinsui-morning-at-kambayashi-1948.jpg,4
james-mcneill-whistler-the-japanese-dress-1890.jpg,4
edouard-vuillard-the-avenue.jpg,4
pierre-bonnard-two-poodles-1891.jpg,4
mary-cassatt-picking-daisies-in-a-field-1890.jpg,4
utagawa-kunisada-not-detected-240379.jpg,4
hiroshige-a-snowy-gorge.jpg,4
hiroshige-evening-view-of-a-temple-in-the-hills.jpg,4
katsushika-hokusai-irises.jpg,4
utagawa-kunisada-not-detected-240316.jpg,4
hiroshige-itsukushima-in-aki-province-1858.jpg,4
utagawa-kunisada-ichikawa-danjuro-vii-wielding-an-axe-wearing-a-white-haired-wig.jpg,4
katsushika-hokusai-phoenix.jpg,4
vincent-van-gogh-japonaiserie-after-hiroshige-1887.jpg,4
utagawa-kuniyoshi-toki-jurozaemon-mitsuchika.jpg,4
utagawa-kuniyoshi-sailing-boat.jpg,4
ito-jakuchu-birds-animals-and-flowering-plants-in-imaginary-scene-2.jpg,4
ito-jakuchu-white-elephant-and-animals.jpg,4
utagawa-kuniyoshi-tiger-1.jpg,4
tsukioka-yoshitoshi-songoku-the-monkey-king-and-the-jewelled-hare-by-the-moon-1891.jpg,4
ito-jakuchu-willow-tree-and-mandarin-ducks-in-the-snow.jpg,4
tsukioka-yoshitoshi-postal-tengu.jpg,4
georges-lacombe-cliffs-near-camaret.jpg,4
utagawa-sadatora-oguri-hangan-sukeshige-in-battle.jpg,4
utagawa-kuniyoshi-autumn.jpg,4
ito-jakuchu-old-pine-tree-and-peacock-1761.jpg,4
pierre-bonnard-young-girl-sitting-with-a-rabbit-1891.jpg,4
paul-jacoulet-la-tresseuse-de-paniers-remoue-yap-1948.jpg,4
katsushika-hokusai-drawing-of-a-tengu.jpg,4
ito-jakuchu-touka-shoukinzu.jpg,4
pablo-picasso-summer-landscape-1902.jpg,4
katsushika-hokusai-the-coast-of-seven-leages-in-kamakura.jpg,4
hiroshige-eagle-over-100-000-acre-plain-at-susaki-fukagawa-juman-tsubo.jpg,4
utagawa-sadatora-hanamurasaki-of-thetamaya.jpg,4
katsushika-hokusai-baku.jpg,4
katsushika-hokusai-shichiri-beach-in-sagami-province.jpg,4
hiroshige-first-cuckoo-of-the-year-at-tsukudajima.jpg,4
utagawa-kuniyoshi-tsuchiyama.jpg,4
edouard-vuillard-the-flowered-dress.jpg,4
mary-cassatt-the-child-s-bath-1893-1.jpg,4
katsushika-hokusai-the-poet-li-po.jpg,4
katsushika-hokusai-round-dish-with-scalloped-edge.jpg,4
william-merritt-chase-woman-in-kimono-holding-a-japanese-fan-1.jpg,4
william-merritt-chase-the-black-kimono-1.jpg,4
ito-jakuchu-birds-animals-and-flowering-plants-in-imaginary-scene.jpg,4
keisai-eisen-butterfly-and-gourd.jpg,4
paul-jacoulet-sous-les-bananiers-tomil-yap-1948.jpg,4
utagawa-kuniyoshi-the-fifty-three-stations-of-the-tokaido.jpg,4
ito-shinsui-shirahama-in-the-morning.jpg,4
utagawa-kuniyoshi-clearing-water-at-horikawa.jpg,4
ito-jakuchu-cactus-and-roosters-1789.jpg,4
ito-jakuchu-shuto-gunjakuzu.jpg,4
tsukioka-yoshitoshi-a-young-woman-from-kansei-period-playing-with-her-cat.jpg,4
utagawa-kuniyoshi-sharks.jpg,4
katsushika-hokusai-a-woman-ghost-appeared-from-a-well.jpg,4
katsushika-hokusai-hibiscus-and-sparrow-1.jpg,4
ito-jakuchu-fuyo-soukeizu.jpg,4
katsushika-hokusai-porcelain-pot-with-open-fan.jpg,4
ito-jakuchu-tiger-1755.jpg,4
keisai-eisen-a-couple-1827.jpg,4
paul-jacoulet-la-cruche-mongolie.jpg,4
ito-jakuchu-rooster-and-hen-with-hydrangeas.jpg,4
katsushika-hokusai-tengu.jpg,4
katsushika-hokusai-woman-looking-at-herself-in-a-mirror.jpg,4
katsushika-hokusai-irises-and-grasshopper.jpg,4
marianne-north-indian-almond-1870.jpg,5
marianne-north-a-darjeeling-oak-festooned-with-a-climber-1878.jpg,5
jose-malhoa-untitled.jpg,5
charles-tunnicliffe-lady-amherst-s-pheasants.jpg,5
richard-friese-lion.jpg,5
jose-malhoa-the-bakers-a-market-in-figueir-1898.jpg,5
marianne-north-common-aloe-in-flower-teneriffe-1875.jpg,5
marianne-north-flowers-and-fruit-of-the-palmyra-and-the-palm-seen-through-a-window-java-187.jpg,5
marianne-north-a-bornean-pitcher-plant-sarawak-borneo-1876.jpg,5
archibald-thorburn-buffel-headed-duck-american-green-winged-teal-and-hooded-merganser-1922.jpg,5
archibald-thorburn-velvet-scoter.jpg,5
marianne-north-durian-fruit-from-a-large-tree-sarawak-borneo-1876.jpg,5
archibald-thorburn-ptarmigan-seeking-shelter-1927.jpg,5
archibald-thorburn-woodcock-nesting-on-a-beach-1910.jpg,5
archibald-thorburn-autumn-covert-1927.jpg,5
archibald-thorburn-satyr-tragopan.jpg,5
lovis-corinth-the-artist-and-his-family-1909.jpg,5
marianne-north-bananas-and-rocks-at-paquet-brazil.jpg,5
marianne-north-flowers-cultivated-in-the-botanic-garden-rio-janeiro-brazil.jpg,5
marianne-north-two-swamp-plants-of-java-in-flower-1876.jpg,5
archibald-thorburn-pintail-teal-and-wigeon-on-the-seashore-1906.jpg,5
charles-tunnicliffe-owl-on-a-snowy-tree-trunk.jpg,5
charles-tunnicliffe-the-rivals.jpg,5
marianne-north-nepenthes-northiana-1876.jpg,5
charles-tunnicliffe-short-eared-owl.jpg,5
henrique-pousao-portrait-of-a-boy.jpg,5
charles-tunnicliffe-alighting-whitefronts.jpg,5
henrique-pousao-napolitana-1882.jpg,5
charles-tunnicliffe-courting-pintails.jpg,5
marianne-north-fruit-grown-in-the-seychelles-1883.jpg,5
marianne-north-flowers-of-jasmine-mango-or-frangipani-brazil-1873.jpg,5
marianne-north-pink-orchid.jpg,5
marianne-north-view-of-matang-and-river-sarawak-borneo-1876.jpg,5
archibald-thorburn-study-of-sandpipers-cream-coloured-coursers-and-other-birds.jpg,5
archibald-thorburn-a-golden-eagle-1916.jpg,5
lovis-corinth-mother-and-child-1906.jpg,5
charles-tunnicliffe-black-grouse.jpg,5
marianne-north-view-from-the-istana-sarawak-borneo-1876.jpg,5
richard-friese-a-horseback-ride-1900.jpg,5
archibald-thorburn-great-bustards-1925.jpg,5
richard-friese-zwei-antilopen-1882.jpg,5
marianne-north-flor-imperiale-coral-snake-and-spider-brazil-1873.jpg,5
archibald-thorburn-red-grouse-packing-1927.jpg,5
marianne-north-cabazina-pears-brazil.jpg,5
marianne-north-a-brazilian-climbing-shrub-and-humming-birds-1873.jpg,5
marianne-north-foliage-flowers-and-fruit-of-a-variety-of-guava.jpg,5
charles-tunnicliffe-white-turkey.jpg,5
jock-macdonald-lake-o-hara-1941.jpg,5
charles-tunnicliffe-snowy-owl.jpg,5
marianne-north-female-coco-de-mer-bearing-fruit-covered-with-small-green-lizards.jpg,5
charles-tunnicliffe-black-tailed-goodwits.jpg,5
antonio-carneiro-auto-retrato-1913.jpg,5
marianne-north-flowers-of-a-coral-tree-and-king-of-the-flycatchers-brazil.jpg,5
marianne-north-ripe-fruit-of-a-screw-pine-and-a-sprig-of-sandal-wood-1870.jpg,5
charles-tunnicliffe-water-reflections.jpg,5
charles-tunnicliffe-grey-herons.jpg,5
helene-schjerfbeck-girl-reading-1904.jpg,5
archibald-thorburn-caspian-plover.jpg,5
marianne-north-honeyflowers-and-honeysuckers-south-africa-1882.jpg,5
marianne-north-foliage-flowers-and-fruit-of-a-common-indian-forest-tree.jpg,5
charles-tunnicliffe-barnacle-geese.jpg,5
charles-tunnicliffe-fancy-pigeons.jpg,5
archibald-thorburn-a-woodcock-1927.jpg,5
archibald-thorburn-a-nepalese-black-headed-nun-in-the-branch-of-a-tree.jpg,5
marianne-north-tea-drying-in-mr-h-lle-s-establishment-java-1876.jpg,5
marianne-north-the-taj-mahal-at-agra-north-west-india-1878.jpg,5
archibald-thorburn-cock-and-hen-pheasant-at-the-edge-of-a-wood-1926.jpg,5
charles-tunnicliffe-black-swan-family.jpg,5
helene-schjerfbeck-portrait-of-a-child-1883.jpg,5
antonio-carneiro-onda-1912.jpg,5
charles-tunnicliffe-teal.jpg,5
antonio-carneiro-menina-com-gato-maria-1900.jpg,5
lovis-corinth-the-harem-1904.jpg,5
charles-tunnicliffe-lanner.jpg,5
archibald-thorburn-european-polecat-defending-a-rabbit-carcass-from-a-least-weasel-1920.jpg,5
marianne-north-orchids.jpg,5
charles-tunnicliffe-blue-eared-pheasants.jpg,5
jose-malhoa-o-fado-1910.jpg,5
marianne-north-a-piece-of-sugar-cane-1870.jpg,5
charles-tunnicliffe-ringed-plovers.jpg,5
columbano-bordalo-pinheiro-self-portrait-1926.jpg,5
charles-tunnicliffe-french-partridges.jpg,5
marianne-north-the-australian-parrot-flower-1880.jpg,5
columbano-bordalo-pinheiro-retrato-de-m-cristina-bordalo-pinheiro-1912.jpg,5
charles-tunnicliffe-gull-gallery.jpg,5
marianne-north-burning-bush-and-emu-wren-of-chili-1880.jpg,5
marianne-north-banana-american-aloe-and-cypress-in-a-garden-java-1876.jpg,5
marianne-north-giant-everlasting-and-protea-on-the-hills-near-port-elizabeth-1882.jpg,5
marianne-north-flowers-and-fruit-of-the-jamboa-boll-java-1876.jpg,5
marianne-north-custard-apple-native-gooseberry-of-sarawak-and-leaf-locust-1878.jpg,5
archibald-thorburn-red-grouse-on-the-moor-1917.jpg,5
marianne-north-foliage-flowers-and-seed-vessels-of-cotton-and-fruit-of-star-apple-jamaica-1872.jpg,5
henrique-pousao-rapariga-romana-1882.jpg,5
marianne-north-flowers-and-fruit-of-the-maricojas-passion-flower-brazil-1873.jpg,5
charles-tunnicliffe-goldeneye-in-a-snow-storm.jpg,5
archibald-thorburn-bluetits-on-a-teasel-1922.jpg,5
jose-malhoa-tickling-1904.jpg,5
henrique-pousao-senhora-vestida-de-negro-1882.jpg,5
jose-malhoa-a-sesta-1909.jpg,5
archibald-thorburn-cock-and-hen-pheasant-in-the-undergrowth-1927.jpg,5
jose-malhoa-clara-1918.jpg,5
marianne-north-the-mariposa-grove-of-big-trees-california-1875.jpg,5
archibald-thorburn-english-partridge-in-flight-1898.jpg,5
charles-tunnicliffe-rock-and-roll.jpg,5
marianne-north-australian-spear-lily-and-an-acacia-1880.jpg,5
marianne-north-view-of-both-falls-of-niagara-1871.jpg,5
archibald-thorburn-peacock-and-peacock-butterfly.jpg,5
archibald-thorburn-ptarmigan-calling-in-the-snow-1926.jpg,5
charles-tunnicliffe-elliot-s-pheasants.jpg,5
marianne-north-limestone-mountains-of-sarawak-borneo-1876.jpg,5
marianne-north-foliage-and-flowers-of-the-burmese-thaw-ka-or-soka-1876.jpg,5
marianne-north-red-water-lily-of-southern-india-1878.jpg,5
marianne-north-view-of-round-island-and-a-part-of-st-anne-s-from-quarantine-island-1883.jpg,5
charles-tunnicliffe-storm-petrels.jpg,5
antonio-carneiro-cam-es-lendo-os-lus-adas-aos-frades-de-s-o-domingos-1927.jpg,5
marianne-north-a-new-zealand-dracophyllum-1880.jpg,5
archibald-thorburn-the-covey-at-daybreak.jpg,5
lovis-corinth-in-the-slaughter-house-1893.jpg,5
marianne-north-a-sand-binding-plant-of-tropical-shores.jpg,5
archibald-thorburn-cock-and-hen-pheasant-in-winter-1926.jpg,5
marianne-north-carnivorous-flower.jpg,5
marianne-north-seychelles-pitcher-plant-and-bilimb-marron-1883.jpg,5
charles-tunnicliffe-ring-neck-pheasants.jpg,5
columbano-bordalo-pinheiro-o-ser-o-1880.jpg,5
archibald-thorburn-cock-grouse-1893.jpg,5
marianne-north-brazilian-orchids.jpg,5
charles-tunnicliffe-sandwich-terns.jpg,5
richard-friese-reed-harvest-1900.jpg,5
archibald-thorburn-woodcock-among-the-dunes-1898.jpg,5
charles-tunnicliffe-geese-and-hoar-frost.jpg,5
jose-malhoa-dying-the-clothes-1905.jpg,5
archibald-thorburn-richardson-s-skua-great-skua-pomarine-skua.jpg,5
columbano-bordalo-pinheiro-the-lion-s-group-1885.jpg,5
archibald-thorburn-brambling-1919.jpg,5
charles-tunnicliffe-in-the-thorn-tree.jpg,5
marianne-north-ipomoea.jpg,5
marianne-north-buphane-toxicara-and-other-flowers-of-grahamstown.jpg,5
marianne-north-the-south-african-doornboom-and-fingo-huts-1882.jpg,5
archibald-thorburn-a-greenland-or-gyr-falcon.jpg,5
charles-tunnicliffe-canadas-and-coots.jpg,5
charles-tunnicliffe-curlews-alighting.jpg,5
archibald-thorburn-a-cock-pheasant.jpg,5
marianne-north-specimens-of-the-coquito-palm-of-chile-in-camden-park-new-south-wales-1880.jpg,5
marianne-north-a-fallen-giant-calaveras-grove-california-1875.jpg,5
charles-tunnicliffe-goshawk.jpg,5
marianne-north-foliage-and-flowers-of-a-madagascar-tree.jpg,5
charles-tunnicliffe-green-gold-and-dun.jpg,5
charles-tunnicliffe-coming-in-to-land.jpg,5
charles-tunnicliffe-chinese-geese.jpg,5
richard-friese-the-tiger-1890.jpg,5
jose-malhoa-the-artist-s-studio-1894.jpg,5
charles-tunnicliffe-carmine-bee-eaters.jpg,5
charles-tunnicliffe-pintails-at-rest.jpg,5
marianne-north-life-on-the-coast-of-praslin-seychelles-1883.jpg,5
marianne-north-two-flowering-shrubs-of-natal-and-a-trogon-1882.jpg,5
jose-malhoa-o-emigrante.jpg,5
richard-friese-alces-alces.jpg,5
marianne-north-flowers-of-a-west-australian-shrub-and-kangaroo-feet-1880.jpg,5
marianne-north-yellow-bignonia-and-swallow-tail-butterflies-with-a-view-of-congonhas-brazil.jpg,5
charles-tunnicliffe-whoopers-touching-down.jpg,5
charles-tunnicliffe-reeve-s-pheasants.jpg,5
marianne-north-the-aqueduct-of-morro-velho-brazil-1873.jpg,5
marianne-north-strelitzia-and-sugar-birds-south-africa-1882.jpg,5
002340.jpg,6
005531.jpg,6
009200.jpg,6
003849.jpg,6
001418.jpg,6
008302.jpg,6
003796.jpg,6
002461.jpg,6
006569.jpg,6
003844.jpg,6
006931.jpg,6
008409.jpg,6
000764.jpg,6
009133.jpg,6
006768.jpg,6
002870.jpg,6
001182.jpg,6
003336.jpg,6
009034.jpg,6
008967.jpg,6
007921.jpg,6
004432.jpg,6
008122.jpg,6
003044.jpg,6
006323.jpg,6
007742.jpg,6
003351.jpg,6
004430.jpg,6
001225.jpg,6
009295.jpg,6
001466.jpg,6
004325.jpg,6
002798.jpg,6
009439.jpg,6
008612.jpg,6
007898.jpg,6
001847.jpg,6
000322.jpg,6
000656.jpg,6
001524.jpg,6
006492.jpg,6
009644.jpg,6
003005.jpg,6
008174.jpg,6
004354.jpg,6
001209.jpg,6
008814.jpg,6
005408.jpg,6
002027.jpg,6
008057.jpg,6
004836.jpg,6
005054.jpg,6
004527.jpg,6
006769.jpg,6
007974.jpg,6
000917.jpg,6
005177.jpg,6
000657.jpg,6
000169.jpg,6
008890.jpg,6
009029.jpg,6
004279.jpg,6
007296.jpg,6
001254.jpg,6
007104.jpg,6
009881.jpg,6
006089.jpg,6
005429.jpg,6
005065.jpg,6
009882.jpg,6
005391.jpg,6
002880.jpg,6
002598.jpg,6
007372.jpg,6
001093.jpg,6
006468.jpg,6
008244.jpg,6
006314.jpg,6
008848.jpg,6
008738.jpg,6
005016.jpg,6
009562.jpg,6
001194.jpg,6
004816.jpg,6
008843.jpg,6
004463.jpg,6
004287.jpg,6
001807.jpg,6
005110.jpg,6
003032.jpg,6
004140.jpg,6
006001.jpg,6
000209.jpg,6
009079.jpg,6
008655.jpg,6
003284.jpg,6
007419.jpg,6
007234.jpg,6
003088.jpg,6
003913.jpg,6
009797.jpg,6
001675.jpg,6
005630.jpg,6
005873.jpg,6
001263.jpg,6
jean-baptiste-simeon-chardin-still-life-with-turkey-hanged.jpg,7
franz-xaver-winterhalter-sofia-gagarina.jpg,7
william-hogarth-the-invasion-france.jpg,7
george-morland-the-piggery-1791.jpg,7
jean-baptiste-oudry-still-life-with-hare-duck-loaf-of-bread-cheese-and-flasks-of-wine-1742.jpg,7
jean-baptiste-oudry-demoiselle-crane-toucan-and-tufted-crane-1745.jpg,7
maurice-quentin-de-la-tour-francois-louis-veron-forbonnais-of-duverger-economist.jpg,7
thomas-gainsborough-landscape-with-sandpit.jpg,7
william-hogarth-portrait-of-en-francis-dashwood-15th-baron-of-despencer.jpg,7
bernardo-bellotto-dresden-the-ruins-of-the-pirnaische-vorstadt-1763.jpg,7
franz-xaver-winterhalter-anna-dollfus-baronness-de-bourgoing.jpg,7
antoine-watteau-the-flautist.jpg,7
franz-xaver-winterhalter-grand-duchess-olga.jpg,7
franz-xaver-winterhalter-countess-alexander-nikolaevitch-lamsdorff.jpg,7
giovanni-battista-tiepolo-apollo-and-daphne-1744.jpg,7
bernardo-bellotto-the-moat-of-the-zwinger-in-dresden.jpg,7
franz-xaver-winterhalter-empress-elisabeth-of-austria-in-dancing-dress.jpg,7
vladimir-borovikovsky-princess-lopukhina.jpg,7
franz-xaver-winterhalter-portrait-of-princess-of-baden-1856.jpg,7
jean-baptiste-simeon-chardin-still-life-fast-day-menu-1731.jpg,7
thomas-gainsborough-the-charterhouse-london-1748.jpg,7
jean-baptiste-simeon-chardin-still-life-with-brioche-1763.jpg,7
franz-xaver-winterhalter-elizabeth-empress-of-austria-1865.jpg,7
carl-ludwig-johann-christineck-heinrich-friedrich-wilhelm-von-ploets.jpg,7
dmitry-levitzky-portrait-of-anna-davia-d-avia-bernucci-1782.jpg,7
franz-xaver-winterhalter-the-royal-family-in-1846-1846.jpg,7
jean-honore-fragonard-the-watering-place-1765-1.jpg,7
franz-xaver-winterhalter-portrait-of-a-lady-1.jpg,7
pietro-longhi-a-patrician-family.jpg,7
franz-xaver-winterhalter-maximiliaan-van-oostenrijk.jpg,7
jean-baptiste-simeon-chardin-jar-of-apricots-1758.jpg,7
thomas-gainsborough-portrait-of-john-russell-4th-duke-of-bedford.jpg,7
franz-xaver-winterhalter-portrait-of-lady-middleton-1863.jpg,7
jean-honore-fragonard-burn-my-shirt.jpg,7
franz-xaver-winterhalter-portrait-of-madame-rimsky-korsakov-varvara-dmitrievna-mergassov-1864.jpg,7
george-morland-a-windy-day.jpg,7
jean-baptiste-oudry-dog-guarding-dead-game-1753.jpg,7
franz-xaver-winterhalter-pincess-clothilde-von-saxen-coburg.jpg,7
giovanni-battista-tiepolo-the-flight-to-egypt.jpg,7
joshua-reynolds-anne-dashwood-detail.jpg,7
franz-xaver-winterhalter-emperor-don-maximiliano-i-of-mexico.jpg,7
jean-baptiste-simeon-chardin-still-life-with-dead-pheasant-and-hunting-bag-1760.jpg,7
jean-baptiste-oudry-clara-the-rhinoceros-1749.jpg,7
george-morland-two-horses-in-the-snow.jpg,7
thomas-gainsborough-forest-landsape-with-mountain.jpg,7
franz-xaver-winterhalter-the-empress-eugenie-holding-louis-napoleon-the-prince-imperial-on-her-knees.jpg,7
franz-xaver-winterhalter-portrait-of-queen-sophie-of-netherlands-born-sophie-of-w-rttemberg-1863.jpg,7
maurice-quentin-de-la-tour-studies-of-men-s-hands.jpg,7
canaletto-the-river-thames-with-st-paul-s-cathedral-on-lord-mayor-s-day.jpg,7
franz-xaver-winterhalter-portrait-of-countess-olga-shuvalova.jpg,7
george-morland-landscape-with-four-horses.jpg,7
jean-baptiste-simeon-chardin-a-green-neck-duck-with-a-seville-orange.jpg,7
franz-xaver-winterhalter-portrait-of-victoria-princess-royal.jpg,7
joshua-reynolds-the-ladies-waldegrave-1780.jpg,7
jean-baptiste-simeon-chardin-still-life-flowers-in-a-vase-1763.jpg,7
joshua-reynolds-gertrude-duchess-of-bedford.jpg,7
franz-xaver-winterhalter-portrait-of-princess-elizaveta-alexandrovna-tchernicheva-1.jpg,7
jean-baptiste-simeon-chardin-still-life-with-copper-cauldron-and-eggs.jpg,7
fyodor-rokotov-portrait-of-v-a-obreskova.jpg,7
thomas-gainsborough-thomas-pennant-1776.jpg,7
franz-xaver-winterhalter-italian-woman-with-child.jpg,7
franz-xaver-winterhalter-portrait-of-katarzyna-potocka-1854.jpg,7
franz-xaver-winterhalter-portrait-of-countess-varvara-musina-pushkina.jpg,7
carl-ludwig-johann-christineck-portrait-of-semen-ivanovich-mordvinov-as-chevalier-of-the-order-of-st-andrew-1771.jpg,7
franz-xaver-winterhalter-alexandra-iosifovna-grand-duchess-of-russia-princess-alexandra-of-altenburg.jpg,7
franz-xaver-winterhalter-caroline-elisabeth-de-lagrange.jpg,7
jean-baptiste-simeon-chardin-strawberry-basket-canasta-de-fresas.jpg,7
franz-xaver-winterhalter-empress-eugenie-1.jpg,7
antoine-pesne-self-portrait-with-daughters-1754.jpg,7
antoine-watteau-the-foursome.jpg,7
vladimir-borovikovsky-portrait-of-m-i-lopukhina-1797.jpg,7
franz-xaver-winterhalter-the-daughters-of-queen-victoria-and-prince-albert.jpg,7
dmitry-levitzky-ivan-ribotpierre.jpg,7
thomas-gainsborough-landscape-with-cattle.jpg,7
franz-xaver-winterhalter-portrait-of-francisca-caroline-gonzaga-de-bragan-a-princesse-de-joinville.jpg,7
william-hogarth-mary-toft-apparently-giving-birth-to-rabbits-1726.jpg,7
george-morland-a-country-inn-1784.jpg,7
giovanni-battista-tiepolo-the-force-of-eloquence-bellerophon-and-pegasus.jpg,7
joshua-reynolds-thomas-and-martha-neate-with-tutor.jpg,7
jean-baptiste-simeon-chardin-still-life-with-two-rabbits.jpg,7
pietro-longhi-fall-of-the-giants-1734-1.jpg,7
franz-xaver-winterhalter-princess-tatiana-yussupova.jpg,7
canaletto-the-thames-with-st-paul-s-cathedral-1746.jpg,7
jean-baptiste-simeon-chardin-still-life-with-cat-and-rayfish.jpg,7
franz-xaver-winterhalter-victoria-princess-royal-1842.jpg,7
franz-xaver-winterhalter-portrait-of-francisca-caroline-de-braganca-1844.jpg,7
antoine-pesne-isabel-cristina-de-brunswick-wolfenb-ttel.jpg,7
